<?xml version="1.0" encoding="utf-8"?>
<unattend xmlns="urn:schemas-microsoft-com:unattend">

<!-- Autounattend_x86_BIOS_sample.xml 

This file automates the Windows installation. 

     Before using this file:
      * Replace ProductKey with a product key for the edition of Windows you are installing
        (example: Windows 8.1 Pro)
        Note:
           The product key used in Microsoft-Windows-Setup\UserData\ProductKey\Key 
           can be used many times in different installations and is not used to activate Windows. 
           It is only used to choose which edition of Windows to install. 
           
           The individual product key is either specified by the user, or by setting 
           Microsoft-Windows-Shell-Setup\ProductKey.
     * Set the default language to your own:
       Replace "en-US" with your language code in Microsoft-Windows-International-Core-WinPE\SetupUILanguage. 
       For a list of languages, see http://go.microsoft.com/fwlink/?LinkId=206620.
     * OEMs: Replace OEMInformation with your support information

     To use this file: 
        Save this file on the root of a USB flash drive with the filename: Autounattend.xml
        Put the Windows DVD and the USB key into a new x86-BIOS PC. 



-->

    <settings pass="specialize">
        <component name="Microsoft-Windows-Shell-Setup" processorArchitecture="x86" publicKeyToken="31bf3856ad364e35" language="neutral" versionScope="nonSxS" xmlns:wcm="http://schemas.microsoft.com/WMIConfig/2002/State" xmlns:xsi="http://www.w3.org/2001/XMLSchema-instance">
            <OEMInformation>
                <Manufacturer>[ REPLACE WITH COMPANY NAME ]</Manufacturer>
                <SupportURL>[ REPLACE WITH SUPPORT WEBSITE ]</SupportURL>
            </OEMInformation>
        </component>
    </settings>
    <settings pass="windowsPE">
        <component name="Microsoft-Windows-International-Core-WinPE" processorArchitecture="x86" publicKeyToken="31bf3856ad364e35" language="neutral" versionScope="nonSxS" xmlns:wcm="http://schemas.microsoft.com/WMIConfig/2002/State" xmlns:xsi="http://www.w3.org/2001/XMLSchema-instance">
            <SetupUILanguage>
                <UILanguage>en-US</UILanguage>
            </SetupUILanguage>
            <InputLocale>en-US</InputLocale>
            <SystemLocale>en-US</SystemLocale>
            <UILanguage>en-US</UILanguage>
            <UserLocale>en-US</UserLocale>
        </component>
        <component name="Microsoft-Windows-Setup" processorArchitecture="x86" publicKeyToken="31bf3856ad364e35" language="neutral" versionScope="nonSxS" xmlns:wcm="http://schemas.microsoft.com/WMIConfig/2002/State" xmlns:xsi="http://www.w3.org/2001/XMLSchema-instance">
            <DiskConfiguration>
                <Disk wcm:action="add">
                    <CreatePartitions>

                        <!-- System partition -->
                        <CreatePartition wcm:action="add">
                            <Order>1</Order>
                            <Size>350</Size>
                            <Type>Primary</Type>
                        </CreatePartition>

                        <!-- Windows partition -->
                        <CreatePartition wcm:action="add">
                            <Order>2</Order>
                            <Extend>true</Extend> 
                            <Type>Primary</Type>
                        </CreatePartition>

                    </CreatePartitions>
                    <ModifyPartitions>
                        <ModifyPartition wcm:action="add">
                            <Order>1</Order>
                            <PartitionID>1</PartitionID>
                            <Label>System</Label>
                            <Format>NTFS</Format>
                            <Active>true</Active>
                        </ModifyPartition>
                        <ModifyPartition wcm:action="add">
                            <Order>2</Order>
                            <PartitionID>2</PartitionID>
                            <Format>NTFS</Format>
                            <Label>Windows</Label>
                        </ModifyPartition>
                    </ModifyPartitions>
                    <DiskID>0</DiskID>
                    <WillWipeDisk>true</WillWipeDisk>
                </Disk>
            </DiskConfiguration>
            <ImageInstall>
                <OSImage>
                    <InstallTo>
                        <DiskID>0</DiskID>
                        <PartitionID>2</PartitionID>
                    </InstallTo>
                </OSImage>
            </ImageInstall>
            <UserData>
                <ProductKey>
                    <Key>[ REPLACE WITH PRODUCT KEY ]</Key>
                </ProductKey>
                <AcceptEula>true</AcceptEula>
            </UserData>
        </component>
    </settings>
</unattend>
